reference,sample,avg_depth,breadth_cov,prop_aln,prop_properPair,genome_size,n_sites,n_SNPs
Aipysurus laevis,Aipysurus laevis,50.8227,86.2388,99.45154336458997,88.04122771520036,1852689089,1350002414,2706424
Hydrophis melanocephalus,Hydrophis melanocephalus,106.363,89.5098,96.79067504324483,69.18095319725708,1402639853,1195169115,1632029
Laticauda laticaudata,Laticauda laticaudata,120.44,90.8101,99.68397924052891,82.97238407647386,1558706106,1304122637,1565188
Naja naja,Naja naja,65.6126,93.2453,96.73543249027077,91.79755643363046,1667692826,1427633476,5178823
Notechis scutatus,Notechis scutatus,56.9295,95.1701,98.4548701647618,75.09425225239497,1665525958,1015507485,4173526
Pseudonaja textilis,Pseudonaja textilis,60.8033,97.5418,98.23658838868994,76.737787946154,1590035073,1007477368,2393916
